etf,distribucion,h_valor,cbr,qs,kz,m,q,cbr_wcor,qs_wcor,kz_wcor,m_wcor,q_wcor
eem,copula,100,-0.27515682135848135,-0.2992102153824915,-0.3331893341711607,-0.3790327862769034,-0.41860664767555866,-0.1979650234204113,-0.21206751396201864,-0.223676613047536,-0.2495164353961316,-0.2885952385462244
eemo,copula,100,-0.30482318998511476,-0.33062413456796214,-0.3620165899103563,-0.4087604656774731,-0.4466475636269987,-0.2136136016026559,-0.22918530880942312,-0.2388992542366,-0.26556504017662474,-0.30305119908484496
eemv,copula,100,-0.31680005801726807,-0.3419058875174178,-0.37258994657742395,-0.4181619072468468,-0.457830998264336,-0.22871286090106815,-0.24373574529181943,-0.25331500000280405,-0.27910839215121935,-0.3184044178201531
fem,copula,100,-0.309996977754227,-0.3350673854709606,-0.36404935312503794,-0.4090259407883679,-0.4469536428841978,-0.22043507161659703,-0.23508742429157423,-0.24381253968278807,-0.26878002603437395,-0.30629548953566665
ieem,copula,100,-0.2943946264834439,-0.31892342723435985,-0.350025060585235,-0.39530642700077306,-0.4360457171207059,-0.2108618280171496,-0.22510226393883076,-0.2350352773973313,-0.26024765188236154,-0.3004995065507886
psrm,copula,100,-0.31333137677296186,-0.3384822939943827,-0.3678584589325259,-0.4131031616445234,-0.4521785896328883,-0.22390106498320156,-0.23874442659610945,-0.24742086322381285,-0.2726412871427583,-0.3112800692376399
vwo,copula,100,-0.09149150031055234,-0.10951254076369066,-0.14722627847246056,-0.18819714209972416,-0.2295974647967516,-0.05423955036683721,-0.06254780202553555,-0.07793281347725453,-0.09927362960667122,-0.14028701827061188
eem,copula,150,-0.15584366297361452,-0.17284061307343757,-0.18143531304899027,-0.208101834887176,-0.22430123880639277,-0.10725213940886805,-0.11656020704717904,-0.11835764573342272,-0.13289315431371326,-0.14891534569999423
eemo,copula,150,-0.212272851431307,-0.23176637247672335,-0.23849052835897955,-0.2674093139629146,-0.2835247352390795,-0.14583850715521943,-0.15753667583014297,-0.1574770372440849,-0.17421675291794703,-0.1902406608026387
eemv,copula,150,-0.20529363454617464,-0.22365159107060825,-0.2303387493925741,-0.25780919695825405,-0.2740805823397265,-0.14472741039662418,-0.15545310239848573,-0.15570031230331663,-0.1712399031781827,-0.1874007125233073
fem,copula,150,-0.2066851604599209,-0.22484106532088827,-0.23116188772339044,-0.2582067902879642,-0.27386890853586215,-0.14582100664931402,-0.15648505438830126,-0.15654123340862594,-0.1719045679738844,-0.18745500712398996
ieem,copula,150,-0.2018475838142333,-0.2194124291555217,-0.22695594422345067,-0.25378088543930544,-0.2712605383371267,-0.1467082173074374,-0.15689788997653872,-0.15774999993857394,-0.17293538514920578,-0.19030576590640605
psrm,copula,150,-0.21329652074488128,-0.23163229265528257,-0.237785637953706,-0.2650325214291831,-0.2817878445994777,-0.1516525288510762,-0.16235606093900773,-0.16223183136836458,-0.1775787466182717,-0.19421598496016443
vwo,copula,150,0.03360535299515225,0.02237334879330777,0.00899389047813824,-0.0126463010288612,-0.02954594104107211,0.04440177324568472,0.04028642874790925,0.0339154523390354,0.02357972973369938,0.00679844026612366
eem,copula,200,-0.0924793567705012,-0.10463639114785776,-0.10640132147026655,-0.12394575717764723,-0.13291803730513893,-0.06252261055882109,-0.06871163913412479,-0.06840728327278657,-0.07754945912243337,-0.0864591272597284
eemo,copula,200,-0.15797118075500288,-0.17303852063627537,-0.17256244698002388,-0.1928772992438558,-0.20184665261837345,-0.10813925018703636,-0.11700447167871128,-0.11454238456518052,-0.12620115937528553,-0.1351347308499633
eemv,copula,200,-0.15872620982307414,-0.17367687414012423,-0.17338315801263138,-0.19362434004947235,-0.202665723186844,-0.11040149110401874,-0.11912411256254488,-0.11684284057619498,-0.12838986139308065,-0.13738634885662057
fem,copula,200,-0.1446603003009407,-0.15879061933040084,-0.15853698687956905,-0.17770967284276343,-0.185809160902671,-0.09922878660370046,-0.10743053665901374,-0.10525958325030645,-0.11613274898214912,-0.12419726725255945
ieem,copula,200,-0.14009403041395913,-0.15353031806599182,-0.15428573863399156,-0.17295822668887834,-0.1820901193322901,-0.1007599747581898,-0.10843412505822855,-0.10702916256432296,-0.11755732505051984,-0.12665255548114537
psrm,copula,200,-0.15856258100591805,-0.1733019465701515,-0.17299064336853112,-0.192902486661238,-0.20176519587957376,-0.11036663609996686,-0.11911805140580682,-0.1167618692615092,-0.1282733010739015,-0.13707416845607517
vwo,copula,200,0.0987937315159497,0.09136877348990932,0.08515856143402724,0.07169496368506238,0.06225715681499205,0.09705122097882415,0.09554328705313214,0.09139392508821656,0.08613737994756807,0.07677482225101744
eem,copula,250,-0.05989175227048587,-0.06940956798395354,-0.0689772166772755,-0.08204098667720504,-0.08774075176068205,-0.03992365898768001,-0.04464953086949148,-0.04382802306786013,-0.05055972062105506,-0.05623162874156796
eemo,copula,250,-0.11916240897232434,-0.13138424733327864,-0.12847550685761183,-0.14404456976138488,-0.1495314094620619,-0.07983490362478628,-0.08695160346528259,-0.08393687555949401,-0.09284559628550218,-0.09831543503398442
eemv,copula,250,-0.13029946069945142,-0.1429244413745716,-0.13984923319452214,-0.1559145303423968,-0.1617197889858092,-0.08944039117499022,-0.0967562656622456,-0.09359393623128794,-0.10274959702088914,-0.10853264598283566
fem,copula,250,-0.11731489713647487,-0.1288660711141075,-0.12630876866585164,-0.14112259769906935,-0.1464037489089925,-0.08158681295860691,-0.08824984110239124,-0.08552803249666492,-0.09393388903352878,-0.09919801473295883
ieem,copula,250,-0.10526387423727898,-0.11564704832951944,-0.11421172822642876,-0.12792233640365805,-0.13379337768765867,-0.07792357889549123,-0.08365298314592837,-0.0819095407456994,-0.08947144855373408,-0.09532033548584806
psrm,copula,250,-0.11377038711437228,-0.12541480736290714,-0.12268581776771778,-0.137590205675549,-0.14316778725129664,-0.07715203965460452,-0.08373891513262492,-0.08095896037939432,-0.08926780840745566,-0.0948101114670252
vwo,copula,250,0.15257729066159578,0.14798622420884688,0.14434453406261408,0.13585503533425458,0.13009726228879898,0.14198221009363815,0.14230950302712603,0.13874593712563987,0.13656108075863818,0.13084011591265118
eem,copula,300,-0.03945641849399027,-0.04756256589046878,-0.04592821569251434,-0.05657915003713723,-0.06046026146987566,-0.02360425521640028,-0.02755716155252671,-0.02637416016372468,-0.03179349095227304,-0.03566261818249964
eemo,copula,300,-0.09575480724843095,-0.10608869523376512,-0.10239182353930756,-0.11508010926487632,-0.11867961768715846,-0.06356063717035693,-0.06969291892555834,-0.06658915996497086,-0.074005362039663,-0.07759603965944228
eemv,copula,300,-0.10528439930512906,-0.11594946385578896,-0.11198489233847336,-0.12505420309287485,-0.12894665210518688,-0.07141097199813763,-0.07763439775549817,-0.07435883225929918,-0.0818838622415827,-0.08576378198975136
fem,copula,300,-0.09099874846194692,-0.10081501445405586,-0.09739368798410508,-0.10952077881472162,-0.1129652649788543,-0.06150167068314778,-0.06716375798558182,-0.06434979217592648,-0.07126506989824052,-0.07470297707136968
ieem,copula,300,-0.07455033330682405,-0.08287777028831153,-0.08048555033846948,-0.091093436364744207,-0.095134148939352,-0.05408491298326155,-0.05834048383837339,-0.05657208037530496,-0.06206900396574698,-0.06609318469953337
psrm,copula,300,-0.0947341631164164,-0.10500116602263436,-0.1012344228865918,-0.1138546824192296,-0.11764155154424089,-0.06266451887666116,-0.06860757156583308,-0.06549707734432808,-0.07270800784818858,-0.07646970354218896
vwo,copula,300,0.1989302046492805,0.1961140143314595,0.19401645923314512,0.1885261013250948,0.184574457455461,0.18583702761918405,0.18752387968895917,0.1844427357195767,0.18439865217691048,0.1804630570698635
eem,copula,350,-0.03442626274374869,-0.04163487073485077,-0.03952345861950757,-0.04870629656620868,-0.05169677829288986,-0.02110059546739284,-0.02478926491928101,-0.02339339207769891,-0.02826431200133533,-0.03124681973525843
eemo,copula,350,-0.07307957754667867,-0.08198497745952989,-0.07785232484110147,-0.08847269489579404,-0.09097681633829172,-0.0453707516183656,-0.05050686906845494,-0.04747372592635664,-0.05353138615622392,-0.05602768281519301
eemv,copula,350,-0.09727232941151538,-0.10697330859168416,-0.10250354298446954,-0.1140404725152734,-0.11687001159812078,-0.06637985937398347,-0.07222621509810749,-0.06878373505280067,-0.07564896910265488,-0.07847177648666975
fem,copula,350,-0.07719036767696644,-0.08591430417116662,-0.08204905786491282,-0.09252054480368854,-0.09501059650857524,-0.0513313961811452,-0.05638183333656638,-0.05351887697671721,-0.05952753535459406,-0.06201485161867166
ieem,copula,350,-0.05594227339780479,-0.0629630400387387,-0.06027749426543885,-0.06898877293118358,-0.07190230940394353,-0.03991410542235062,-0.04338508868006204,-0.04170029956873618,-0.04609922629759765,-0.0490055244619869
psrm,copula,350,-0.08157900192282799,-0.09063480368352364,-0.08654382729864293,-0.09737757369646466,-0.1001496329518217,-0.05393936173160874,-0.05923349960649648,-0.0561762172247781,-0.06244981484837274,-0.0652033518775801
vwo,copula,350,0.2152763623891912,0.21304221107942128,0.21151307239084036,0.2072009002256824,0.2043460243505003,0.2023137846178768,0.204036145209702,0.20118143296093896,0.20149554503060943,0.19865060379250415
eem,copula,400,-0.01282045107620451,-0.01829770427287234,-0.0163811482537266,-0.02331144739878132,-0.02563469967548221,-0.00567023492353557,-0.00798332473160168,-0.00716854278515375,-0.01034536654104973,-0.01266426634694312
eemo,copula,400,-0.05622299938412668,-0.0639832566540287,-0.0598115520634205,-0.06887449244897474,-0.07069067761533142,-0.03235630354484989,-0.03674516556054648,-0.03390439678066827,-0.03899015929557523,-0.04080115775392153
eemv,copula,400,-0.07890830015083991,-0.08671167731674748,-0.08262070552215169,-0.09175575005391176,-0.09398470801871886,-0.05543360751826681,-0.05998450713307639,-0.05709627327801712,-0.06237924157588314,-0.06459954130290861
fem,copula,400,-0.06975859448252922,-0.0774015291013276,-0.0735457085785114,-0.08254293077549857,-0.08450619586514226,-0.0481010671268468,-0.05251911040124552,-0.04984911735857728,-0.05501965773485762,-0.05697963913939655
ieem,copula,400,-0.03947399929275145,-0.04561165805365517,-0.04281319279365182,-0.05026808901528366,-0.05238187647607956,-0.02617655688826535,-0.02907711754282264,-0.02753560336278888,-0.03116409375793397,-0.03327281468631499
psrm,copula,400,-0.06760378801066833,-0.07514505149960642,-0.0713187606437523,-0.08020521901228196,-0.08239395267775314,-0.04621999403984115,-0.05049948195377873,-0.04789937443268677,-0.05292520235604432,-0.05510065730687139
vwo,copula,400,0.24061108912574952,0.23951407777753103,0.2381099410636841,0.2354452521321813,0.23322479919883263,0.22622408584496512,0.22882569219906715,0.22569808768587277,0.227221698382452,0.22501164720625877
eem,copula,450,-0.00162951525282027,-0.00653182861411209,-0.00458959543128697,-0.01069541163617033,-0.01246438158154893,0.00371981361972476,0.00159688077483045,0.00242735360229171,-4.359042574033668e-4,-0.00220214339946475
eemo,copula,450,-0.04661488305794205,-0.05364182069494758,-0.04950689990667555,-0.0575762087206873,-0.05891536868489924,-0.02522099600567701,-0.02922606981351073,-0.02649382501837116,-0.03106416530391307,-0.03240221163961507
eemv,copula,450,-0.06618287436081154,-0.07272642695913062,-0.06901692043308318,-0.0765897003051354,-0.07835659351868426,-0.04780958569788073,-0.05149561002584665,-0.04907660257562491,-0.05332797082631859,-0.05508820403554894
fem,copula,450,-0.06021060782793541,-0.06708716912937035,-0.0631167640288186,-0.07105965845827049,-0.07269982165750624,-0.04025279278929442,-0.04397347964324263,-0.04150348378227668,-0.04580135507029818,-0.04743731036491411
ieem,copula,450,-0.02656391905837587,-0.03199395660407531,-0.02920221242524671,-0.03568884003107468,-0.03731089374969482,-0.01523918766447922,-0.01773890172037054,-0.01628529713404858,-0.01937281612087013,-0.02098817309888556
psrm,copula,450,-0.0696581039326564,-0.07679350580810901,-0.07290480147549114,-0.08118118625149512,-0.08296119924499387,-0.04979117311973752,-0.0542298787099679,-0.05135770789700516,-0.05645993230400252,-0.05823078014620798
vwo,copula,450,0.2559355399011309,0.25561934953026144,0.2541942743022567,0.2526518633573821,0.2508840728798734,0.24070049305978145,0.243752008455158,0.24047416350951156,0.2426622478628607,0.24090214061675377
eem,copula,500,0.00422209064913891,-1.0735289396107578e-4,0.0017806905344115,-0.00354555840038258,-0.00500943703859388,0.00801124044966051,0.00613404961901294,0.00692850016280193,0.00442446233169662,0.00296214320259109
eemo,copula,500,-0.03844168858551355,-0.0445118086398435,-0.04076367697818618,-0.04766799584592822,-0.04872490494566783,-0.02084867235320421,-0.02437412330080754,-0.02189666075535454,-0.02588168489717297,-0.02693771700872639
eemv,copula,500,-0.05783465163343644,-0.06388974236603155,-0.06019018958556903,-0.06709937400928903,-0.06847264081399317,-0.04081368367634958,-0.04426249273907527,-0.04186708181701616,-0.0457882318303655,-0.04715427002979754
fem,copula,500,-0.04674698448761125,-0.05273664040817657,-0.04902228579671691,-0.05586152624117653,-0.05713394218265166,-0.02973392064337864,-0.03292194461419381,-0.03068385422097087,-0.03433234649010283,-0.03560249969857847
ieem,copula,500,-0.02161267209870719,-0.02667280552616293,-0.0238199462535473,-0.02976336767472071,-0.03106671314921497,-0.01109021528565119,-0.01343140387862246,-0.01197404716475833,-0.01481356287896179,-0.01611372519724891
psrm,copula,500,-0.05329581818802599,-0.05947086503769333,-0.05581505573561395,-0.06289766776490277,-0.06427618804069074,-0.03686873469879464,-0.04046111336006931,-0.03804220651059234,-0.04215476358391561,-0.04352735547115741
vwo,copula,500,0.2716288584815766,0.2716140619818321,0.2703376210878688,0.2693124741061497,0.26792432574541514,0.2572410734966735,0.26027823947169115,0.25719132965654135,0.2595006928264418,0.25811522034472395
eem,gauss,100,-0.26262153805659166,-0.28574540296390927,-0.3181055993177543,-0.3619896350787875,-0.4008990513667774,-0.18773706787045769,-0.20121832806956796,-0.21253416735245817,-0.237268884593687,-0.2757607876867535
eemo,gauss,100,-0.31244415509431134,-0.337589954763442,-0.36501661519937734,-0.4095229559169739,-0.44789813231371856,-0.2203854262685687,-0.23511663040436528,-0.24262281720952655,-0.2671817839403535,-0.3051938895287816
eemv,gauss,100,-0.3087603472635079,-0.33352956002363576,-0.3633580550680755,-0.4081851299844792,-0.4483453555599395,-0.22168606812494632,-0.2364110818258344,-0.24570307782973752,-0.27094183621448037,-0.31067059203093306
fem,gauss,100,-0.31693295699302076,-0.34206197647592695,-0.3703192185423169,-0.4151408065368511,-0.45461695245922185,-0.22643762181979543,-0.2410548444207065,-0.24917633051418375,-0.2738316326734242,-0.31302995368082265
ieem,gauss,100,-0.29668049828589316,-0.32186176547757217,-0.35286573258213244,-0.3988155777812695,-0.4380319071800077,-0.20841844009085944,-0.2233379514525672,-0.23294910173184288,-0.25883873576208294,-0.2976226734633663
psrm,gauss,100,-0.30814881441291253,-0.33313481586797494,-0.3633708034954242,-0.4086942095828045,-0.4484977700069084,-0.2205576949161781,-0.23530221877482177,-0.24473266064962348,-0.27015922134332576,-0.30952038398689136
vwo,gauss,100,-0.09386697571150464,-0.11082568403662968,-0.14753661427382228,-0.1865257031687508,-0.22569911451103528,-0.06059284652995662,-0.06843639067279997,-0.08379870803763327,-0.10426509000316028,-0.142938415378822
eem,gauss,150,-0.15175550599531742,-0.1681926280983751,-0.17666232673784124,-0.2024315907207959,-0.21857094363670015,-0.10417610238807036,-0.1133735260947944,-0.11521209274645491,-0.1295245105477912,-0.1455508293473182
eemo,gauss,150,-0.20625881259328083,-0.22424960357565776,-0.22968697098373608,-0.2561898399719681,-0.2720043565147746,-0.14452499559402748,-0.15490608495025726,-0.1545610535503723,-0.16931874381351977,-0.1850591274055027
eemv,gauss,150,-0.20916491897576608,-0.22759346422820179,-0.2339993926153492,-0.2614546811326828,-0.2784874522708861,-0.14727527923395223,-0.15804106108307028,-0.15812857523539572,-0.173657887083575,-0.19057442532336072
fem,gauss,150,-0.21588526617960496,-0.23474973520171608,-0.24060009405053803,-0.26837283766554815,-0.2849586891719791,-0.15038792983677815,-0.16152225500367456,-0.16113413935465998,-0.17692785645208284,-0.1934399333925758
ieem,gauss,150,-0.19613786534514993,-0.21455155868728928,-0.2216688353166769,-0.24939452124006128,-0.266035856755223,-0.13571490913862758,-0.14645544805070498,-0.147005780093405,-0.1627584133145953,-0.1792753469984075
psrm,gauss,150,-0.20256373100584613,-0.22083335290444475,-0.2275972877963725,-0.25498351127239427,-0.2714986927760125,-0.1423673649842957,-0.15307067195376103,-0.15336300104771455,-0.16892499292523672,-0.1853191983433408
vwo,gauss,150,0.02029733498928301,0.0100996020356502,-0.00273943368272538,-0.02286931015127887,-0.03985238888186966,0.02738551089399465,0.02413905362400016,0.01783540106329833,0.00868687198224641,-0.00814358820867836
eem,gauss,200,-0.10768533128905872,-0.1198846328741198,-0.12160786213509882,-0.1390786033873976,-0.14858202764990844,-0.07636644219114855,-0.08295441840449502,-0.08250864458798483,-0.09202587747207384,-0.10148857080684956
eemo,gauss,200,-0.15348127767794018,-0.1677619634697032,-0.16712016999828788,-0.18628547407145443,-0.19466361020681552,-0.10642509380916904,-0.11479053338912631,-0.11242518382597567,-0.12334908703063764,-0.13168886358522114
eemv,gauss,200,-0.1671446225601719,-0.1825118376004574,-0.18213318450926333,-0.20282155821881617,-0.21193234862634927,-0.11597921023721422,-0.12527473575125997,-0.122753761866102,-0.13492707653605607,-0.14399607549154236
fem,gauss,200,-0.16799270018819412,-0.18260002242614187,-0.1819561567123444,-0.20155603135234323,-0.21095759226165703,-0.11916521121306542,-0.1278250970097969,-0.12531761680087786,-0.13661664180320848,-0.1459907418440535
ieem,gauss,200,-0.14788197640161696,-0.16199921693799077,-0.16230699532914292,-0.18166434283750768,-0.1911181727136771,-0.10399789284480332,-0.1122581107906004,-0.11044835915980714,-0.12157220164251406,-0.13097047073370108
psrm,gauss,200,-0.14646377306780475,-0.16057024993698113,-0.16044207258898782,-0.1796641719312999,-0.18897276466327975,-0.10178481783743376,-0.1098048341609732,-0.10783976214565089,-0.11859036399701442,-0.1278234666982895
vwo,gauss,200,0.08505045336364149,0.07881778566009927,0.07251742951981642,0.06058489973198348,0.05129896091008693,0.0780993732189195,0.07747030877867349,0.0730486866659124,0.0688969373892724,0.05967580867342684
eem,gauss,250,-0.07275804260244227,-0.08207445733776986,-0.08148720230525312,-0.0941760913634495,-0.10028733960736606,-0.0525241650250563,-0.05720894711808969,-0.0563306882709969,-0.06290658134868266,-0.06900117862462146
eemo,gauss,250,-0.1124160798021206,-0.12384492725071657,-0.12090318214084116,-0.13542004035316468,-0.14061532193139548,-0.07582694528686033,-0.08227505967573889,-0.07942068627961292,-0.08746255456230287,-0.09263690399057628
eemv,gauss,250,-0.1241655818443151,-0.1364670464623619,-0.1335589091146263,-0.14922470784530548,-0.15489450789363263,-0.08457513789385636,-0.0916970849346948,-0.08876280102998119,-0.09769162813109662,-0.10334139379656068
fem,gauss,250,-0.142853299422325,-0.15541186782911587,-0.1521377746177677,-0.1679822356047065,-0.17392449359277007,-0.10074360307693492,-0.10819314423468888,-0.10485271020378144,-0.11404307733451752,-0.11998684217296396
ieem,gauss,250,-0.10201910277409136,-0.11317385133486273,-0.11100487353583846,-0.1254737389778493,-0.13122392698090582,-0.06900137905775161,-0.07532056475959159,-0.07291546869974268,-0.08103598478592675,-0.08675498679757904
psrm,gauss,250,-0.11948534204948562,-0.13113692165056937,-0.12862617654624858,-0.14362388928453787,-0.14969275530627546,-0.08380799461611384,-0.09038853711786436,-0.08778709529653733,-0.096177567868213,-0.1022188431180852
vwo,gauss,250,0.14897447982924,0.14553366604657694,0.1420321439971903,0.13498929747679617,0.12933218203816282,0.13475414484999504,0.13643070895237194,0.13257117993078538,0.13200573696361576,0.12637203836705826
eem,gauss,300,-0.04046279918175628,-0.04806948446475147,-0.04643889989354231,-0.05641623745526551,-0.06042262198764013,-0.02539363506535521,-0.02894337505368888,-0.02788270407230165,-0.03276535873779589,-0.03677099812887152
eemo,gauss,300,-0.09391453684259556,-0.1036706197378433,-0.09990493398175188,-0.1118322582089794,-0.11541823535595946,-0.0632736730879204,-0.06875651687181485,-0.06583346414459754,-0.07244604934944654,-0.07602062398241242
eemv,gauss,300,-0.09382501494861552,-0.10418071413247192,-0.10026440930558184,-0.11295036652322853,-0.1166981564557132,-0.06072165508630915,-0.06656496055491616,-0.06352138448023638,-0.0706118604832008,-0.0743496004092275
fem,gauss,300,-0.11278202051074344,-0.12282927978773808,-0.11893683997290672,-0.13118752474748763,-0.1352511857014093,-0.08033175799281216,-0.08618466369016081,-0.08301014170263071,-0.09001948255161037,-0.09408300092592332
ieem,gauss,300,-0.08620364818554696,-0.09524778029164684,-0.09234502101565936,-0.10367891127298876,-0.10793355289242364,-0.06119699706861407,-0.06614698378152191,-0.0638580163727097,-0.07005547108513666,-0.0742937244040954
psrm,gauss,300,-0.09995125053609334,-0.11001643044059806,-0.10665448225149277,-0.1191343718970362,-0.1232305502906707,-0.07015185633189151,-0.07604487655802494,-0.0732001733669856,-0.08044009484042085,-0.08451725304894728
vwo,gauss,300,0.1889413939292297,0.1870436426707806,0.1847105054912532,0.18030107045876584,0.17636529995418848,0.17240959546952417,0.17515770736607095,0.17150978390941476,0.17266003729752258,0.16874043339048292
eem,gauss,350,-0.01299545339841617,-0.01894391986556101,-0.01713827497433277,-0.02479807334675879,-0.02760648263885998,-0.00377702083825799,-0.00616732712130264,-0.0054123351389724,-0.00876559845047669,-0.01157407274981643
eemo,gauss,350,-0.06950106371149267,-0.07741553004253905,-0.07366718396524717,-0.08312670470935754,-0.08568884615528362,-0.04578022870456758,-0.04998997490812022,-0.0474930208400558,-0.05249614733300899,-0.0550543152245908
eemv,gauss,350,-0.08168928495564359,-0.09058925819002604,-0.08652400353229767,-0.09715823033692142,-0.09993591789029985,-0.05428086494134078,-0.05935143881410831,-0.05645977812939264,-0.06247860562000487,-0.06525232211829832
fem,gauss,350,-0.08454372500987434,-0.09279606458972744,-0.08883998479251927,-0.09865693689359369,-0.10144340605362594,-0.05905747140835683,-0.06363374283229886,-0.06087787242091838,-0.06626071719284013,-0.06904352885592534
ieem,gauss,350,-0.06759763726843025,-0.07532695982418702,-0.07208939827881225,-0.08152087650818506,-0.08466601598370084,-0.04706880784590563,-0.05108314808135361,-0.04896552935248095,-0.05390586230198901,-0.05703767879772592
psrm,gauss,350,-0.08032201252508124,-0.08890801274327523,-0.08524296723562172,-0.09561512568180223,-0.09856758724829442,-0.055719012790952,-0.06060981951357815,-0.05794110827470029,-0.06383043873030966,-0.06677316284198641
vwo,gauss,350,0.2202359923178668,0.2192096608233289,0.2174528127006482,0.21454983854494927,0.21173639225947616,0.20390436071075244,0.20702677663374755,0.2036054976614578,0.20549564523931005,0.2026917105148804
eem,gauss,400,0.00167717674687873,-0.00365800212449926,-0.00157791452907486,-0.00827117874490065,-0.01031589045669511,0.00969878900173291,0.00750981638419961,0.00843498552682815,0.00546749230220108,0.00342402389282292
eemo,gauss,400,-0.05826915502234136,-0.06519538684481571,-0.06151399677680937,-0.06963950757933565,-0.07157904293991202,-0.03810225375168226,-0.04185465055263343,-0.03946378194160453,-0.04384488978248808,-0.04577857752277805
eemv,gauss,400,-0.06226893734823582,-0.06989700150342044,-0.06597703138701355,-0.07493379909446066,-0.07690297582813951,-0.03959904870321867,-0.04403223959609302,-0.04129589675955116,-0.04646901545981354,-0.04843612422878469
fem,gauss,400,-0.05726369890376824,-0.06392793275240437,-0.06023269601931003,-0.06802554791936127,-0.0700093320139217,-0.03733187132986362,-0.0407197925861699,-0.03847033398367979,-0.04241715832337397,-0.0443989040900007
ieem,gauss,400,-0.05687353098171395,-0.06382095312990364,-0.06043716905303974,-0.06872872566908492,-0.07110338018941964,-0.03867417295240179,-0.04239632954200748,-0.04020472370616436,-0.04467521295455227,-0.04703756737654571
psrm,gauss,400,-0.06927818326047082,-0.07686998326787338,-0.07312191776597893,-0.08210249179541007,-0.08435792392148773,-0.04805294141415944,-0.05244107279644524,-0.04982170485597955,-0.0550001740108439,-0.05724921795448494
vwo,gauss,400,0.2312348260153909,0.23053444194913367,0.2289210326918215,0.2266880420889067,0.2245861557535552,0.21540033831721608,0.21832119036386263,0.2149986223976121,0.21685444904122503,0.21476090686606844
eem,gauss,450,0.01994822797343359,0.01624394624723097,0.01769886502909092,0.01298200329464033,0.01130238105647111,0.02140693837732555,0.02054870378728161,0.02062300325864064,0.01919049651900923,0.01751433411211387
eemo,gauss,450,-0.04805712637439301,-0.05415574290397886,-0.05065181526943402,-0.05770864549144639,-0.05920929697311847,-0.03101098572117735,-0.03433766211653474,-0.03211880795453473,-0.03595666705618598,-0.03745360045081397
eemv,gauss,450,-0.05131071333545926,-0.05775239057179995,-0.05416147430115722,-0.06163575442065806,-0.06322497439304783,-0.03331640598262558,-0.03699191206139381,-0.03462264118482795,-0.03887657818873327,-0.04046704967161262
fem,gauss,450,-0.04306110159759534,-0.04859612155679686,-0.04527930327729464,-0.05167678301194223,-0.05321723585524977,-0.0275352610132278,-0.03018315331032035,-0.0283589847103053,-0.03142969225097698,-0.03296780635793645
ieem,gauss,450,-0.04340533608581179,-0.04940303289647721,-0.04621506579187075,-0.05327943581637874,-0.05508031741301723,-0.028906247068948,-0.03203671038472381,-0.03012601822566687,-0.03385712596818236,-0.03565045887092856
psrm,gauss,450,-0.06234920367555652,-0.06912218234327715,-0.0654317935944092,-0.07331802241773644,-0.07515323551813577,-0.0436712808184687,-0.04768110713377607,-0.04509881317738961,-0.04975146443382559,-0.05158216474247767
vwo,gauss,450,0.24066314295191296,0.24001901759561173,0.2386191044018778,0.23666911861163192,0.2350921682675379,0.22620818507046583,0.22875450969506253,0.22570749197672488,0.22730044860554396,0.22572986877918452
eem,gauss,500,0.02730914707545599,0.02451106229625867,0.02556088193058221,0.02194748995042931,0.02052281873282855,0.02535416106770966,0.02510921283431127,0.02475877289277078,0.02404419540197717,0.02262477794129988
eemo,gauss,500,-0.03432925487381455,-0.03942959447295208,-0.0362732632168067,-0.04211836500046519,-0.04332685422309006,-0.02084766768370408,-0.0234030441441135,-0.02162126083252627,-0.02456425374672443,-0.02577167396416091
eemv,gauss,500,-0.04283746653172713,-0.04847139476135554,-0.04513711250126838,-0.05160838917746463,-0.05289040357478504,-0.02808860069842568,-0.03121931457036278,-0.02915199042377456,-0.03275389126402293,-0.0340391773186442
fem,gauss,500,-0.0371956015538859,-0.04198016329024386,-0.03892072790418905,-0.04439101137619181,-0.04571119150999172,-0.02419769592366745,-0.02636876208280911,-0.02480512485233118,-0.02730709992297186,-0.0286250906226166
ieem,gauss,500,-0.02625425535198786,-0.03140010661040501,-0.02847965322111894,-0.03448473860090634,-0.03581556138918586,-0.01487152896380053,-0.01744668343174197,-0.01582398887227222,-0.01888491535842024,-0.02020912972110431
psrm,gauss,500,-0.05679194368124618,-0.0632518157198737,-0.05942922948103052,-0.06683108925064721,-0.06828007743096214,-0.03877665167105658,-0.04267051345460418,-0.04002421354228493,-0.04447035454463426,-0.04591446458015502
vwo,gauss,500,0.24986621626279212,0.2496897199565204,0.24835880956091527,0.2471156904563064,0.245699575880879,0.2358096233466082,0.23865985471147663,0.23554867254073625,0.2376062023547652,0.236193411277097
eem,t,100,-0.33896284315148817,-0.3672889022586371,-0.405241753557805,-0.45830190180489794,-0.5072597343593696,-0.24487224588533732,-0.2616100234050776,-0.2739585668470119,-0.30396620030466226,-0.35240291074009417
eemo,t,100,-0.35386322628259725,-0.3820246332593633,-0.4135608621994129,-0.4636998608576496,-0.5098791530909766,-0.25171654464629034,-0.2682324643168527,-0.27723483292663503,-0.30501102268721175,-0.3506763307995275
eemv,t,100,-0.3353253499454394,-0.3624112861560525,-0.39554026681486626,-0.4446558957762863,-0.48761948346094575,-0.2398996853898674,-0.2561338515949705,-0.26662272932584097,-0.2945231481464279,-0.33692027535189045
fem,t,100,-0.34814549718277626,-0.3757440750862111,-0.4061191484997907,-0.4551822950079168,-0.5013200151585329,-0.2476920292458351,-0.2636551532813418,-0.2719933596952701,-0.29881384754769863,-0.3444801751802
ieem,t,100,-0.4385280306379262,-0.47040113752558527,-0.5077209120001387,-0.5651895050488506,-0.6253685034590994,-0.3256829570874163,-0.3442822058083187,-0.3553677551425383,-0.3872270058046652,-0.4467717088332243
psrm,t,100,-0.3493570157452046,-0.3778820571155917,-0.410680758379914,-0.4621591605207258,-0.5120469115203683,-0.2479225273138444,-0.2642527447082368,-0.27339860519525483,-0.30144435073411957,-0.3504939390166717
vwo,t,100,-0.17195206145415948,-0.19422743898049252,-0.23906888268192977,-0.2880710203745867,-0.338576095610967,-0.11914152894416108,-0.13062544259574232,-0.14941248822534955,-0.17653019713737733,-0.2263883862523187
eem,t,150,-0.20480139698624672,-0.2248002441235345,-0.23387175533548368,-0.2646647370883585,-0.2845334252940636,-0.1428964827314858,-0.15436582968524334,-0.1555627553419007,-0.17288775598163827,-0.19258382494283707
eemo,t,150,-0.2321077358834117,-0.2525659065919045,-0.25877796667320313,-0.28877422793985436,-0.3069264903574553,-0.1608790823786638,-0.17303737381029816,-0.17263678642929467,-0.18978456296001148,-0.2077611005451772
eemv,t,150,-0.219095181666188,-0.23878944383651757,-0.24591697773006263,-0.2753287822897939,-0.29285151588959746,-0.15324393908567424,-0.16482333165132268,-0.16508926362573292,-0.1818515728007916,-0.1991997586846017
fem,t,150,-0.239925142381274,-0.2604928298996541,-0.26673710680265617,-0.2969043473360014,-0.31548859972108373,-0.16805331553768416,-0.18034171217721412,-0.17981330102741178,-0.1971437685710794,-0.21560376317451632
ieem,t,150,-0.2906799325740479,-0.3143183215824944,-0.32168935247925484,-0.35664363803512356,-0.3832416837133207,-0.2090924420594447,-0.222799002089462,-0.22221963887136317,-0.2418154461442919,-0.26764271693194297
psrm,t,150,-0.22927901526893224,-0.24898919576831544,-0.25619871907322644,-0.2858338541445084,-0.3065806500207255,-0.1647663227031574,-0.17602580875060023,-0.17631861430132445,-0.1928129019613311,-0.21333599410664952
vwo,t,150,-0.0159588048913372,-0.02945989344564599,-0.04500536289872593,-0.07032748987186259,-0.09023790961395328,0.00234266928330672,-0.00359049929440116,-0.01104794061747874,-0.02430523112736641,-0.04401211347426875
eem,t,200,-0.13550298843297998,-0.1503245107249185,-0.15161452627904162,-0.1724357611226528,-0.18325617197397093,-0.0938786487378376,-0.1022320877277996,-0.10098796252404107,-0.11266109839519332,-0.12335871352085916
eemo,t,200,-0.1782321667897669,-0.19423376326162883,-0.1932720336755692,-0.21459566256950105,-0.2246488485555787,-0.12321440543227268,-0.13287232221851358,-0.1298685025038328,-0.142340198553964,-0.1523317566132367
eemv,t,200,-0.16574531475646906,-0.18114185806015237,-0.1808244156225154,-0.2016875506694615,-0.21153071200560636,-0.11542719241533234,-0.12437782042962174,-0.12200685117480511,-0.1338937418413252,-0.14371592480049616
fem,t,200,-0.18549372580885987,-0.20118072383238533,-0.2002468459477077,-0.22123602587801228,-0.2319337103801883,-0.13219453987188842,-0.14137622127932886,-0.1385405063063799,-0.1504896935223672,-0.16112677630780892
ieem,t,200,-0.20386043636702217,-0.22115339719765775,-0.2209447310986832,-0.2444046162664022,-0.25791560627787835,-0.1480469212585336,-0.15817997489682012,-0.15560628906616683,-0.16907584136655696,-0.18237506368365453
psrm,t,200,-0.1606005872691941,-0.17582092272599603,-0.17571812044593657,-0.1965439445208786,-0.20751638872060804,-0.11320059636606046,-0.1216514987673687,-0.11959797725369584,-0.13102087328604511,-0.1418853078552748
vwo,t,200,0.07800900861784461,0.06928255301721267,0.06219375252564815,0.04670354909051746,0.0363233522349916,0.07993891776498133,0.07721603156042542,0.07280917105342259,0.06571388417391862,0.05538519777362469
eem,t,250,-0.09447957251307708,-0.10659926659287404,-0.10497125765617174,-0.1210028841592746,-0.12782823305199498,-0.06176470551935462,-0.06856942435333967,-0.06641452541603571,-0.07542475378128695,-0.08214255328914877
eemo,t,250,-0.13821612900289795,-0.15181378978812793,-0.1480378685775765,-0.1650825676282292,-0.17115579114932492,-0.09147141106304728,-0.09960634760670922,-0.09583882359131662,-0.1057959895201568,-0.11183674264687922
eemv,t,250,-0.13580171947509426,-0.14853700880523205,-0.14583700790314738,-0.16215163989507217,-0.16833546506984928,-0.09565437999601246,-0.1032438439593082,-0.10022282899866068,-0.10978760851653836,-0.11595797689826716
fem,t,250,-0.14935422843202242,-0.1624919584202343,-0.15916292368781149,-0.17577248312821286,-0.18223052256585193,-0.10576987845742997,-0.11359046923846548,-0.11013555024948458,-0.11980437659143156,-0.12622507528207982
ieem,t,250,-0.15463621512977677,-0.16913862056728166,-0.1658960421333034,-0.18445926261961257,-0.19273825953380036,-0.10853095987494184,-0.1170083511942882,-0.11350045920694568,-0.1241926516097758,-0.13224635891966138
psrm,t,250,-0.1261499445955671,-0.1386022706359574,-0.13609663300842623,-0.15219681954923256,-0.15902076551402844,-0.08908672807880365,-0.0961011328802206,-0.0934437248870931,-0.10244215544254516,-0.10918086175149376
vwo,t,250,0.12180668455385668,0.11530579416002372,0.11144281334798097,0.10040107895006951,0.09408661482613308,0.11835831217525417,0.1168638741672951,0.113649079780107,0.10909148514931452,0.102814873747898
eem,t,300,-0.07236253644349365,-0.08266245318027104,-0.07998625813423127,-0.09312240803927506,-0.09782592576112184,-0.04618041938443146,-0.0520460241619804,-0.04963702881068118,-0.05714599950997835,-0.06178588588018087
eemo,t,300,-0.11261160385997314,-0.12410174126267769,-0.11935930472845813,-0.133221276216042,-0.13735791094963176,-0.07325662070506422,-0.08006171623839708,-0.07621682519832026,-0.08426571738282518,-0.08838829197132428
eemv,t,300,-0.11520930492728414,-0.1263849045954741,-0.12256734388940534,-0.13632425166683526,-0.1404514641006153,-0.08031222287464218,-0.08719366202922169,-0.08377891478525375,-0.09212197830939815,-0.09624787910639045
fem,t,300,-0.1263286244582678,-0.13742821105067382,-0.13317237220117548,-0.14667194378246007,-0.15101815269460817,-0.09002723426602537,-0.0967056663264511,-0.0931313242795422,-0.10110046225103242,-0.10542114168801868
ieem,t,300,-0.11981692552164198,-0.130984637310841,-0.1274357122149095,-0.14134308098165466,-0.1471528527084317,-0.08748047827179584,-0.0940449622787236,-0.09099277342699565,-0.09909998131191562,-0.10476841259648258
psrm,t,300,-0.09327943843265266,-0.10383572891062195,-0.10037890254837246,-0.11353145175350104,-0.11774279222147434,-0.06285406400431053,-0.06891130023067135,-0.06600515201294567,-0.07350104120750146,-0.07766698592806763
vwo,t,300,0.1548347154040729,0.15002128882984203,0.14758701565367488,0.1394952644130897,0.1351141408959994,0.14742611825166912,0.14691748608624533,0.1441131441686469,0.14130618026785993,0.136935290048465
eem,t,350,-0.04055790477162411,-0.04825702242978547,-0.04563705407372038,-0.05529825209457999,-0.0585792383608564,-0.02411709274392245,-0.02801956483743781,-0.02633921505789611,-0.03136880010586436,-0.03462210981183923
eemo,t,350,-0.08804166836661102,-0.0977384643190585,-0.0928588803885199,-0.10425736335470762,-0.10715443708709883,-0.05535836407941278,-0.06101673561802336,-0.05745040447214977,-0.06399335783667102,-0.06688811365943237
eemv,t,350,-0.08798929131097316,-0.0973564348588188,-0.09327919645414803,-0.1045225457040485,-0.1073809624308739,-0.05978450302777893,-0.06543181277672999,-0.06224447259601987,-0.06894871162936747,-0.07181212973977379
fem,t,350,-0.0924153156540102,-0.10147389719442464,-0.09707280111450452,-0.1078072475600258,-0.11070009579364634,-0.06372553527479148,-0.06884825848775819,-0.06572650685242626,-0.07171973410498922,-0.07460472356486327
ieem,t,350,-0.08951442944975252,-0.09887416361382852,-0.09503540178173732,-0.10639990462501364,-0.1103471168703152,-0.06368878626976746,-0.06910496697588946,-0.06621572669006874,-0.07276917560461875,-0.07667051152420379
psrm,t,350,-0.07381792055193367,-0.08271804030698994,-0.07899239835864313,-0.08979325414415318,-0.09282032184511169,-0.04932102708781741,-0.05430881615850931,-0.05163066366668743,-0.05767914845001885,-0.06067284203463581
vwo,t,350,0.18710312326208117,0.18367054283250284,0.1818518514843885,0.17594903838968814,0.17278264560423903,0.17697207213504254,0.17737468704479217,0.1745745874721918,0.17318964824162392,0.17003732902227603
eem,t,400,-0.02655037076293531,-0.0332542824823453,-0.0304876217381328,-0.03872763401378878,-0.04126256893168076,-0.01337052808318352,-0.01666191670965803,-0.01509270460740003,-0.01927928922021581,-0.02178468521832524
eemo,t,400,-0.07487790460212249,-0.08292675594996284,-0.07837591470341278,-0.08767567049185765,-0.09005328955743773,-0.04853235966949227,-0.0530757029048012,-0.05002807418910234,-0.05521675125970142,-0.05758599523182142
eemv,t,400,-0.06431241021593966,-0.07261325091890536,-0.06831768320987935,-0.07805454340473973,-0.08003365749412458,-0.03914334439186656,-0.0440586246739885,-0.04095521239660209,-0.04667386392716767,-0.04865437604557186
fem,t,400,-0.08420581296521691,-0.09280559996534428,-0.08801136701961332,-0.09796145327859508,-0.10010048128273943,-0.05608127146275034,-0.06109207432175263,-0.05773159994246747,-0.06345408724787698,-0.06558601931668447
ieem,t,400,-0.08308193584359612,-0.09187059662752133,-0.08772821765782808,-0.09818597672268917,-0.10134685854963443,-0.05971819042818843,-0.06492391482572826,-0.06193080091120261,-0.06811576942103062,-0.07127811364703912
psrm,t,400,-0.07033776429693735,-0.07838277934732923,-0.07446816391350826,-0.08402141472385437,-0.0864636611387739,-0.04866037183143112,-0.05325859454423223,-0.05053466979742993,-0.05598727295151985,-0.05839914066183521
vwo,t,400,0.22900685874025672,0.2271098061324706,0.2258071875319708,0.2221257728591801,0.2197823956441087,0.2167926529032976,0.21841094865783656,0.2157100806368008,0.2160349457668867,0.21370083557990713
eem,t,450,-0.01791406494991856,-0.0241733837521681,-0.0213055015892364,-0.02886369477162778,-0.03077308904995738,-0.00630180090846483,-0.00961983764261257,-0.00786803968463453,-0.01197345209661561,-0.01386213523134624
eemo,t,450,-0.06620028960458924,-0.07352489709292724,-0.0690113040132464,-0.0773414858090762,-0.07923685325914621,-0.04232222341522024,-0.04645613336107082,-0.04352375032104139,-0.04817957400999348,-0.05006374491233823
eemv,t,450,-0.05989119566587576,-0.06730376924853558,-0.06310709465472024,-0.07166969996458022,-0.0733467544063899,-0.03804229425421209,-0.04237502030929061,-0.03952287999133571,-0.04450469879041783,-0.04618260208171229
fem,t,450,-0.05921108239982395,-0.06606836707299069,-0.06192355656585077,-0.06977710366030192,-0.07136868807750547,-0.03812861529524437,-0.04184251799492511,-0.03924608162714353,-0.04347345777432437,-0.04505528618394079
ieem,t,450,-0.06223816104153511,-0.0699917441853358,-0.06579799503285556,-0.0748649500301567,-0.07720179452764621,-0.04188191070826948,-0.04619377383739274,-0.04348684329179107,-0.04855127071563557,-0.05087936350068396
psrm,t,450,-0.05486898689257216,-0.06175667385279049,-0.05802608473293948,-0.06609558082839714,-0.06795314851647717,-0.03756590679007416,-0.04120224886706469,-0.03895253097330533,-0.04325064985520829,-0.04509801233015294
vwo,t,450,0.2291061263307899,0.22702583330224457,0.22609840759755165,0.2224438708889697,0.2204574883765193,0.21914172022242115,0.22021572127353176,0.21789849078764528,0.21777898920669797,0.21580063871453609
eem,t,500,-0.01044548240266009,-0.01571888025423518,-0.01318137099771822,-0.01951429026889046,-0.02116455416492581,-0.00259771024675483,-0.00524307714405182,-0.00388142775426994,-0.00717993881978589,-0.00881193200729314
eemo,t,500,-0.06097182102015752,-0.06754396504522973,-0.06329026409183684,-0.07068221636253297,-0.07224276447396351,-0.03989589686149351,-0.04371235233563002,-0.04092025492617694,-0.04517160001874026,-0.04672215167606696
eemv,t,500,-0.05784373250280975,-0.0647159964293577,-0.06058548098082137,-0.06842031918867873,-0.0698067775690846,-0.0382149822914668,-0.04234541992450729,-0.03953923689641001,-0.04422706707776859,-0.04561345723827682
fem,t,500,-0.04499760838165332,-0.05102195435859945,-0.04716308577451538,-0.05398823532242602,-0.05516329117568391,-0.02695593543751499,-0.03019062751807004,-0.02784354852482035,-0.03149325219904642,-0.03266124119958626
ieem,t,500,-0.06106926117773943,-0.0688304984541154,-0.06440597023200702,-0.07335247457161204,-0.07535317313227086,-0.04066030604466986,-0.0454206133785096,-0.04228861071020647,-0.0477663566642402,-0.04972382388682955
psrm,t,500,-0.04884632578078682,-0.05516655263562525,-0.05148128501879992,-0.05877961888315321,-0.06025604886490801,-0.03300887298933996,-0.03643494573450779,-0.03418737639209032,-0.03817105572326727,-0.03963850861625837
vwo,t,500,0.24109368996751776,0.23970576849869796,0.23882912334488424,0.23617392519435745,0.23444041122623044,0.23073910267344624,0.23220767649535473,0.22986008381273665,0.23034726765958005,0.22862419758501645
